rparentheses_colon,period_asterisk,op_semicolon,snake_case-screaming_snake_case,camel_case-pascal_case,rparentheses_period,snake_case-camel_case,op_lsquarebracket,double_plus_rparentheses,period_name,camel_case-snake_case,lparentheses_name,rsquarebracket_rparentheses,lparentheses_rparentheses,snake_case-pascal_case,op_rsquarebracket,rparentheses_semicolon,op_lparentheses,lsquarebracket_name,op_dash,op_all,camel_case-screaming_snake_case,rparentheses_rparentheses,op_name
2.3373713482300067,3.3540193868577726,8.659739159891599,3.9581799131866484,0.7726849578758069,1.982359307359307,-1.783374494836102,2.4364697010692566,1.2616028964644534,5.045444438303599,2.585598088595397,3.4870269554643847,1.6037478956228954,4.040439907370385,-1.2637978346554908,1.5404309032698262,6.798081870109659,1.4236594562154263,1.590214932126697,1.422211423444976,23.83718818028344,7.462014618058171,2.403492001539009,9.722535644472368
